{"cameraMode":{"drawMode":0,"name":"Shaded","section":"Shading Mode"},"sceneLighting":false,"audioPlay":false,"sceneViewState":{"showFog":true,"showMaterialUpdate":false,"showSkybox":true,"showFlares":false,"showImageEffects":false,"showParticleSystems":false},"in2DMode":false,"pivot":{"x":-5.651000022888184,"y":1.348973274230957,"z":-3.469979763031006},"rotation":{"x":0.045678943395614627,"y":0.6282345056533814,"z":-0.03698968514800072,"w":0.7758007049560547},"size":2.8578836917877199,"orthographic":false}