{"cameraMode":{"drawMode":0,"name":"Shaded","section":"Shading Mode"},"sceneLighting":true,"audioPlay":false,"sceneViewState":{"showFog":true,"showMaterialUpdate":false,"showSkybox":true,"showFlares":false,"showImageEffects":false,"showParticleSystems":false},"in2DMode":false,"pivot":{"x":12.437361717224121,"y":8.482139587402344,"z":7.508380889892578},"rotation":{"x":-0.44338008761405947,"y":-0.5003068447113037,"z":0.33375704288482668,"w":-0.664615273475647},"size":26.28816795349121,"orthographic":false}