{"cameraMode":{"drawMode":0,"name":"Shaded","section":"Shading Mode"},"sceneLighting":true,"audioPlay":false,"sceneViewState":{"showFog":true,"showMaterialUpdate":true,"showSkybox":true,"showFlares":true,"showImageEffects":true,"showParticleSystems":true},"in2DMode":false,"pivot":{"x":7.8401312828063969,"y":5.669428825378418,"z":3.7642436027526857},"rotation":{"x":0.20555590093135835,"y":0.46215441823005679,"z":-0.11104536801576615,"w":0.8554825782775879},"size":-2.3164730072021486,"orthographic":false}