{"cameraMode":{"drawMode":0,"name":"Shaded","section":"Shading Mode"},"sceneLighting":true,"audioPlay":false,"sceneViewState":{"showFog":true,"showMaterialUpdate":true,"showSkybox":true,"showFlares":true,"showImageEffects":true,"showParticleSystems":true},"in2DMode":false,"pivot":{"x":-2.7662582397460939,"y":-2.9904861450195314,"z":11.8898344039917},"rotation":{"x":0.20555590093135835,"y":0.46215441823005679,"z":-0.11104536801576615,"w":0.8554825782775879},"size":38.95462417602539,"orthographic":false}